a,b,n,pearson_r,pearson_p,spearman_rho,spearman_p,pearson_q_bh,spearman_q_bh
omron_sbp_mmHg,omron_dbp_mmHg,52,0.8396435524290158,7.383489084163288e-15,0.8469515917409183,2.5194158785901196e-15,2.676514793009192e-13,1.217717674651891e-13
omron_sbp_mmHg,omron_hr_bpm,52,-0.008924871276797901,0.9499298356568093,-0.04473016164621382,0.7528600091873954,0.979193077039602,0.9135374740120235
omron_sbp_mmHg,pulse_pressure_mmHg,52,0.837735757921749,9.690407890644774e-15,0.835336334364624,1.3574085782107753e-14,3.2425595634080585e-13,4.92060609601406e-13
omron_sbp_mmHg,map_estimated_mmHg,52,0.9512986672911007,3.2938882046998356e-27,0.949309792545882,8.751609534333842e-27,2.3880689484073807e-25,6.344916912392036e-25
omron_sbp_mmHg,env_temperature_C,52,-0.17096748115560134,0.2255733527432643,-0.17168639047626166,0.2235991102294259,0.45011196533633013,0.4738311083669006
omron_sbp_mmHg,env_humidity_pct,52,0.0272159343552383,0.8481170480253507,0.018707593164411587,0.8952734125783423,0.9607575934662176,0.9534130172512166
omron_sbp_mmHg,env_pressure_hPa,52,0.32074044026043763,0.020433699320439272,0.3662672390283346,0.0075742083058689515,0.08546787696529888,0.04018025137869505
omron_sbp_mmHg,body_temperature_C,52,-0.007277345809437982,0.9591640394466541,-0.046557049037572296,0.7431050499905855,0.9800914286290127,0.9080075751289458
omron_sbp_mmHg,ppg_spo2_pct,52,-0.12289370271273041,0.385419994985935,-0.1557797948175277,0.27012024543866336,0.6163885949223593,0.5245638694902615
omron_sbp_mmHg,ppg_pulse_bpm,52,0.01405145347624846,0.921242959139149,0.017015903571736678,0.9046976460363717,0.9686932390644872,0.9575267056589335
omron_sbp_mmHg,samsung_sbp_mmHg,50,0.35342664498494364,0.01181134816068813,0.3562303529324053,0.011113212068631315,0.056460840108783925,0.05515111922529157
omron_sbp_mmHg,samsung_dbp_mmHg,50,0.355690131893218,0.011244899237985467,0.35301819659696376,0.011916131483275309,0.05496102436543459,0.05824176623848044
omron_sbp_mmHg,samsung_hr_bpm,50,0.18182210414108566,0.20632963954407646,0.1383908053709136,0.33783980856303586,0.4273971104841584,0.5847366687368194
omron_sbp_mmHg,samsung_spo2_pct,50,-0.16999575049218077,0.23789589073816547,-0.08180685245962666,0.5722241791378463,0.4682566175162986,0.7877136643195036
omron_sbp_mmHg,pm1,49,-0.06776677700532825,0.6436123996518951,0.08016071584811348,0.5840203042500768,0.858807956590719,0.7914293842641228
omron_sbp_mmHg,pm2_5,49,-0.06632205913640306,0.6507153492799125,0.0755539343821823,0.6058803130690374,0.8629913930998838,0.8159688426781154
omron_sbp_mmHg,pm10,49,-0.05561691399877125,0.7042705288304711,0.071699336327676,0.6244384319075815,0.8847882827193815,0.8281424325603596
omron_sbp_mmHg,samsung_stress_ordinal,49,-0.0781380312479691,0.5935745565553443,-0.12531991640335802,0.39090191496675153,0.8094198498481968,0.6221403126585261
omron_sbp_mmHg,sleep_duration_min,52,0.3531185920864332,0.010235176678395047,0.13566012223608515,0.33759844477403256,0.05210132899979532,0.5847366687368194
omron_sbp_mmHg,sleep_score,52,-0.1582392604466935,0.2625357655492693,-0.10307053153780085,0.4671497553000893,0.5053232655483723,0.6959251491628042
omron_sbp_mmHg,steps_daily,52,0.44895068233488966,0.0008427214948378463,0.40925732728510844,0.00259013958702333,0.007049689427970445,0.016095867433644977
omron_sbp_mmHg,ecg_report_hr_bpm,52,-0.1024041035773495,0.4700498154348213,-0.12659319385952508,0.37116639224343045,0.6931243041157535,0.6070025377014484
omron_sbp_mmHg,smoking_flag,52,0.3928221204031494,0.003969167512067031,0.4059118946461537,0.002830145196906917,0.023460286842080832,0.016864563844582313
omron_sbp_mmHg,coffee_flag,52,0.1150065407871693,0.41687032663036605,0.13907902503183067,0.325448553892562,0.6499591114129364,0.577837228339855
omron_sbp_mmHg,beer_flag,52,0.1775158470193311,0.20803234916473107,0.16113717449057544,0.25378388245702577,0.4288818572827394,0.5071568135191109
omron_sbp_mmHg,office_flag,52,-0.40162644121357677,0.0031662272495459366,-0.4373699792456231,0.00118592001891314,0.019675840765035462,0.009050442249600279
omron_sbp_mmHg,meal_flag,52,-0.2687580889987329,0.05403695030271802,-0.28321079152889017,0.04190335782126506,0.1715771779684842,0.13502193075740962
omron_sbp_mmHg,hour_decimal_local,52,0.008065833888315301,0.9547439111098861,-0.022909427737766934,0.8719300430033724,0.9800914286290127,0.9445178817108579
omron_sbp_mmHg,day_index,52,0.05408506424950264,0.703343456266246,0.10605682869342052,0.4542733671617314,0.8847882827193815,0.6881174179831856
omron_dbp_mmHg,omron_hr_bpm,52,-0.054910955354976775,0.699026545276554,-0.03772820408946923,0.7905912610595169,0.8847882827193815,0.9269264549314084
omron_dbp_mmHg,pulse_pressure_mmHg,52,0.4068049912788282,0.0027642207348154884,0.453586588763196,0.0007325110147265495,0.018203100242530773,0.00601211870577451
omron_dbp_mmHg,map_estimated_mmHg,52,0.9661852907975342,4.2942063669012515e-31,0.9655062199963971,7.003313194208904e-31,4.669949424005111e-29,6.092882478961746e-29
omron_dbp_mmHg,env_temperature_C,52,-0.2478836440834785,0.07642283729135563,-0.26690252816205073,0.05578231507992875,0.21435454902425377,0.16507011605285038
omron_dbp_mmHg,env_humidity_pct,52,0.11758208737346126,0.40644250303558893,0.13799385463443098,0.32927472061771357,0.6382761329259249,0.582254079141079
omron_dbp_mmHg,env_pressure_hPa,52,0.3514082943283081,0.010634545950308626,0.36399108099111477,0.007986407050132148,0.05256849418618468,0.04185647068442752
omron_dbp_mmHg,body_temperature_C,52,0.04413538582367908,0.7560442687251343,0.013588950245779021,0.9238274639640727,0.9212304114718023,0.9578069518035082
omron_dbp_mmHg,ppg_spo2_pct,52,-0.0062380809831703386,0.9649918178643473,-0.018628698995987722,0.8957126158481545,0.9800914286290127,0.9534130172512166
omron_dbp_mmHg,ppg_pulse_bpm,52,-0.029659259467869254,0.8346647188579503,0.014439353425657275,0.9190759639567375,0.9567595985796993,0.9578069518035082
omron_dbp_mmHg,samsung_sbp_mmHg,50,0.3195835920351103,0.023677042846031768,0.276370753542075,0.052036223092467464,0.09625713680396093,0.15791501658296203
omron_dbp_mmHg,samsung_dbp_mmHg,50,0.2944683692662963,0.037911201185336606,0.24348093226663758,0.08840506522161357,0.13407619931399534,0.2351142728281633
omron_dbp_mmHg,samsung_hr_bpm,50,0.11670358713850451,0.419602978236343,0.0959561879721834,0.5074052395286612,0.6518831983314615,0.7328466837749976
omron_dbp_mmHg,samsung_spo2_pct,50,-0.1392448972490766,0.3348376269724161,-0.10233965466566679,0.47943748235728845,0.5710190160326647,0.7109405985401591
omron_dbp_mmHg,pm1,49,0.01272702016591587,0.9308362619056452,0.12836037140854173,0.37941702086003964,0.9686932390644872,0.615844791321333
omron_dbp_mmHg,pm2_5,49,0.021205099248490334,0.885010932910161,0.1305752366272963,0.37117856328410403,0.9676637322478204,0.6070025377014484
omron_dbp_mmHg,pm10,49,0.034800264587471104,0.8123580872683945,0.13882981732540645,0.3414324456532233,0.945921288338444,0.5847366687368194
omron_dbp_mmHg,samsung_stress_ordinal,49,-0.17889953122958174,0.21872722831332925,-0.18354454105064566,0.20680459961856443,0.4444503264897805,0.4431527134683524
omron_dbp_mmHg,sleep_duration_min,52,0.2397855879643982,0.08686658517414002,0.11156948977754612,0.4310216882559701,0.2406813028710249,0.6672399800403808
omron_dbp_mmHg,sleep_score,52,-0.2581250260841803,0.0646652882991698,-0.20643929471360745,0.1420129915072412,0.19266712609684153,0.33374461536546063
omron_dbp_mmHg,steps_daily,52,0.49873328349433543,0.00016781648866785615,0.48896816952458905,0.00023488285575172464,0.001871799296679934,0.0022705342722666717
omron_dbp_mmHg,ecg_report_hr_bpm,52,-0.1441581160310658,0.3079149776616151,-0.13575747292979054,0.33724862628333097,0.5539459014994035,0.5847366687368194
omron_dbp_mmHg,smoking_flag,52,0.40233133558936507,0.003108633734476801,0.4255622287221638,0.001659872146179694,0.019597908326049397,0.011134355239216747
omron_dbp_mmHg,coffee_flag,52,0.04711622157013702,0.7401271546458441,0.054554160693517664,0.7008903535435704,0.9172516019115163,0.8761542737403337
omron_dbp_mmHg,beer_flag,52,0.098987105002219,0.48506974427142,0.1335901276380494,0.34509018401212416,0.7104556860541,0.5885245574711898
omron_dbp_mmHg,office_flag,52,-0.41352175911110023,0.002310453476201283,-0.43243426542471114,0.0013668707988137392,0.015462265571500895,0.00990981329139961
omron_dbp_mmHg,meal_flag,52,-0.3037619558083363,0.028580293129963758,-0.3681874249536483,0.007240979522925236,0.10911255236013181,0.038886741882376265
omron_dbp_mmHg,hour_decimal_local,52,0.057793656845576136,0.6840333135743939,0.054203337569205916,0.702724671764372,0.8788158727388373,0.8761542737403337
omron_dbp_mmHg,day_index,52,0.06580174342510317,0.643026595980028,0.08588099921723362,0.544938288680925,0.858807956590719,0.7646714696006528
omron_hr_bpm,pulse_pressure_mmHg,52,0.04019705424860225,0.7772281248144983,-0.0017608681756473303,0.990115156274348,0.9331875658420021,0.9941421758782428
omron_hr_bpm,map_estimated_mmHg,52,-0.03540299789444646,0.8032317938127955,-0.02966600736136983,0.8346276297015681,0.945921288338444,0.9381473357110649
omron_hr_bpm,env_temperature_C,52,0.2597668819995515,0.06292283227424206,0.27547223236944024,0.04808723691357686,0.18883614711429192,0.14941391469575666
omron_hr_bpm,env_humidity_pct,52,-0.2785284032223735,0.045561693427918604,-0.2994556870113937,0.031031162665586302,0.15129264611560758,0.1071313949169051
omron_hr_bpm,env_pressure_hPa,52,0.34703761860388166,0.011716694463915026,0.30050367905215175,0.030419166817534152,0.056460840108783925,0.1071313949169051
omron_hr_bpm,body_temperature_C,52,-0.17268955605669029,0.22086432923779517,-0.28658208747894126,0.03942152163329706,0.4444503264897805,0.128935051958528
omron_hr_bpm,ppg_spo2_pct,52,-0.20013745272833885,0.1548616449520959,-0.19842094128425747,0.1585052956404955,0.3604368225584676,0.3572528684125158
omron_hr_bpm,ppg_pulse_bpm,52,0.9059911411580105,2.6521375146174895e-20,0.9079638118458901,1.5983511970805728e-20,1.6481140269408685e-18,9.932611010429272e-19
omron_hr_bpm,samsung_sbp_mmHg,50,0.36692854063483965,0.008765359219323891,0.3921008456548056,0.0048598092520187545,0.04707322543710979,0.02781601348194945
omron_hr_bpm,samsung_dbp_mmHg,50,0.43562166868395985,0.001567154404024067,0.43938935861960443,0.0014107493530039225,0.01262429936574943,0.010060261779618135
omron_hr_bpm,samsung_hr_bpm,50,0.6920431538406546,2.6034726100981713e-08,0.7054311737037703,1.0634715687988935e-08,5.960582028382655e-07,2.1027733292159939e-07
omron_hr_bpm,samsung_spo2_pct,50,-0.32995666097864784,0.019279143439951477,-0.2702794330767159,0.05765346514004313,0.08142162520756206,0.16719504890612508
omron_hr_bpm,pm1,49,-0.019392477340064686,0.894782327356572,0.0014966620947964773,0.991856791565879,0.9676637322478204,0.9941421758782428
omron_hr_bpm,pm2_5,49,-0.01965513723328968,0.8933654007788069,-0.014622388436859118,0.920566926215212,0.9676637322478204,0.9578069518035082
omron_hr_bpm,pm10,49,-0.05143043460175821,0.7256246514488249,-0.03371024593158452,0.818134246016112,0.9018477810863966,0.9376698811295725
omron_hr_bpm,samsung_stress_ordinal,49,0.6069795234611545,3.7697641548047716e-06,0.5927076961069568,7.221599565985051e-06,6.012809728389215e-05,0.00011634799300753693
omron_hr_bpm,sleep_duration_min,52,0.3560973027688953,0.009570477497646262,0.3076504308280525,0.026508161277718222,0.05077021599361127,0.10128323420120039
omron_hr_bpm,sleep_score,52,0.05933116533380239,0.6760852452427403,0.12162823097475756,0.39036911789383205,0.8752889335731905,0.6221403126585261
omron_hr_bpm,steps_daily,52,0.08375115662743704,0.554992464562521,0.033919016038262896,0.8113255639947071,0.7737875707842842,0.9376698811295725
omron_hr_bpm,ecg_report_hr_bpm,52,0.8681496681826043,7.876292355082883e-17,0.8282159200870304,3.578109671900401e-14,3.4261871744610545e-15,1.1972905440589802e-12
omron_hr_bpm,smoking_flag,52,-0.28392225369853913,0.041369200653538406,-0.2554683038097034,0.06756636165829077,0.14282224035150162,0.1872061612825254
omron_hr_bpm,coffee_flag,52,-0.05322847792372758,0.7078306261755052,-0.03203363344627209,0.8216367752747272,0.8847882827193815,0.9376698811295725
omron_hr_bpm,beer_flag,52,-0.018944060583586542,0.8939571871184295,-0.013055030748230816,0.9268120167771642,0.9676637322478204,0.9578069518035082
omron_hr_bpm,office_flag,52,0.33315954740079,0.015802806108646626,0.33333647005894584,0.01574391581775937,0.07086825419856992,0.0744413410948405
omron_hr_bpm,meal_flag,52,0.25195600576170113,0.07156001901638587,0.22030364387639503,0.11656313715577589,0.20479347547452534,0.28809639012933247
omron_hr_bpm,hour_decimal_local,52,-0.12622114716729532,0.37258531372348513,-0.14449884633606366,0.30676085675302883,0.6073937147249551,0.5716868812728677
omron_hr_bpm,day_index,52,0.22270856293074953,0.11252685112004647,0.2030753196439049,0.14876913785383317,0.30030171924674975,0.3434743843062966
pulse_pressure_mmHg,map_estimated_mmHg,52,0.6285977164160239,6.044816319607009e-07,0.6440336790567947,2.589792600967357e-07,1.0956229579287704e-05,4.693999089253335e-06
pulse_pressure_mmHg,env_temperature_C,52,-0.03832931071695945,0.7873319909767335,-0.05239858258981011,0.7121873815497606,0.9409049892167006,0.8826253873907289
pulse_pressure_mmHg,env_humidity_pct,52,-0.07244306578575063,0.6097944408240018,-0.06547543881542547,0.6446780742036786,0.826356952518507,0.8391003239887085
pulse_pressure_mmHg,env_pressure_hPa,52,0.18615097845467632,0.18639952900202272,0.22053420982115193,0.11617145456818129,0.40140492631623703,0.28809639012933247
pulse_pressure_mmHg,body_temperature_C,52,-0.05661404869312373,0.6901543835176496,-0.09357117168422405,0.5093830144774837,0.8788158727388373,0.7328466837749976
pulse_pressure_mmHg,ppg_spo2_pct,52,-0.2004256969970122,0.1542558853846021,-0.19526390924238884,0.1653703829021741,0.3604368225584676,0.3699620030207159
pulse_pressure_mmHg,ppg_pulse_bpm,52,0.05345313202850707,0.7066528313493728,0.03558574835779571,0.8022364516313012,0.8847882827193815,0.9305942838923094
pulse_pressure_mmHg,samsung_sbp_mmHg,50,0.27366003293890895,0.054478628573998,0.2870864785658434,0.04323471354752104,0.17172611180934153,0.1369519628563081
pulse_pressure_mmHg,samsung_dbp_mmHg,50,0.30179412307608494,0.03317395037849728,0.3232554152933711,0.02203267279602638,0.12243504650082151,0.09040430331474436
pulse_pressure_mmHg,samsung_hr_bpm,50,0.1871226686017576,0.19318352573045336,0.1635710380849182,0.2563617418442947,0.40992601801340106,0.5071568135191109
pulse_pressure_mmHg,samsung_spo2_pct,50,-0.14568527509586088,0.31273792976623205,-0.050502592761835115,0.7276168621121655,0.5539459014994035,0.8919412717316703
pulse_pressure_mmHg,pm1,49,-0.12561886202095962,0.38976371892244205,-0.06296403530412151,0.6673432272425546,0.6210520796016934,0.8537138195139962
pulse_pressure_mmHg,pm2_5,49,-0.1315583021861287,0.3675566255549238,-0.07816346608169854,0.5934539851277968,0.605633076198454,0.8017157873620857
pulse_pressure_mmHg,pm10,49,-0.12708463548813828,0.38421126424879454,-0.08555684343723464,0.5588768287481681,0.6163885949223593,0.7792032708508113
pulse_pressure_mmHg,samsung_stress_ordinal,49,0.035584353611522554,0.8082091741348224,0.040821087926848326,0.7806385196872064,0.945921288338444,0.9241732107028865
pulse_pressure_mmHg,sleep_duration_min,52,0.35283498302344957,0.010300492629844591,0.23850598447653695,0.08861443598857376,0.05210132899979532,0.2351142728281633
pulse_pressure_mmHg,sleep_score,52,-0.006624666178326902,0.9628237758670152,0.021552398015998023,0.879458206418756,0.9800914286290127,0.9469413856241556
pulse_pressure_mmHg,steps_daily,52,0.25366858833922157,0.0695899182338744,0.15991576978464142,0.257448283339769,0.20161538983803556,0.5071568135191109
pulse_pressure_mmHg,ecg_report_hr_bpm,52,-0.027297722611879013,0.847666025590799,-0.07881646684217666,0.578619242256538,0.9607575934662176,0.7890262394407337
pulse_pressure_mmHg,smoking_flag,52,0.25618818457533343,0.06677020656839872,0.26543172518450514,0.05719788076438156,0.19591395264643607,0.1669871015604428
pulse_pressure_mmHg,coffee_flag,52,0.14606085026175705,0.3015056556281641,0.18060082697378554,0.20011002295257274,0.548765523842056,0.4309299999226195
pulse_pressure_mmHg,beer_flag,52,0.1990451086375951,0.15717316068670764,0.16780942836134316,0.2343886849997137,0.3636719409506267,0.48321837902784576
pulse_pressure_mmHg,office_flag,52,-0.2597454025299618,0.06294538237143064,-0.2758443830214265,0.04777373429974991,0.18883614711429192,0.14941391469575666
pulse_pressure_mmHg,meal_flag,52,-0.14662483193532772,0.29962256610444243,-0.15314646860161416,0.2784008487043174,0.5476294800648422,0.5358600406476907
pulse_pressure_mmHg,hour_decimal_local,52,-0.04454018226732541,0.7538766641731482,-0.05377783480037143,0.7049517145037167,0.9211695194250548,0.8761542737403337
pulse_pressure_mmHg,day_index,52,0.024809131391973736,0.8614103913115783,0.038361102398324125,0.7871597127686321,0.967453725685351,0.9254445271739323
map_estimated_mmHg,env_temperature_C,52,-0.2218571771258942,0.11394337018633754,-0.23823762266548285,0.0889844619699857,0.30141046043075126,0.2351142728281633
map_estimated_mmHg,env_humidity_pct,52,0.07965696515450317,0.574562820877819,0.09332969094526967,0.5104812916117253,0.790932997094466,0.7328466837749976
map_estimated_mmHg,env_pressure_hPa,52,0.351718121763022,0.010561217862945345,0.3869999921806434,0.004593924347498855,0.05256849418618468,0.026644761215493362
map_estimated_mmHg,body_temperature_C,52,0.021595242484550404,0.8792203602501872,-0.002415360304491045,0.9864413830470306,0.9676637322478204,0.9941421758782428
map_estimated_mmHg,ppg_spo2_pct,52,-0.06188301542808564,0.662970873902534,-0.09467074476624575,0.5043972656922633,0.8686515968301273,0.7328466837749976
map_estimated_mmHg,ppg_pulse_bpm,52,-0.01016304055589367,0.9429942524893443,0.02549134461733004,0.8576383326158817,0.9743527311944531,0.9445178817108579
map_estimated_mmHg,samsung_sbp_mmHg,50,0.34996292526717376,0.012725542518610104,0.33551684977622076,0.017221006394323824,0.06016968473473256,0.07915414245732352
map_estimated_mmHg,samsung_dbp_mmHg,50,0.33687875372354714,0.016746359664266127,0.31150989225742554,0.027657712656922354,0.07433333116281393,0.10461830439792369
map_estimated_mmHg,samsung_hr_bpm,50,0.15312222137559356,0.28840449339412955,0.12279674349451582,0.39556749028374016,0.5331786795527256,0.6257158482670072
map_estimated_mmHg,samsung_spo2_pct,50,-0.16016392519353273,0.26653548715887676,-0.09638895891316465,0.5054833023623257,0.5086939482906826,0.7328466837749976
map_estimated_mmHg,pm1,49,-0.02522471674361747,0.8634044889395172,0.13522055044612866,0.35425223246137444,0.967453725685351,0.5949409157035294
map_estimated_mmHg,pm2_5,49,-0.01974738290832005,0.8928678566538716,0.13192612595188855,0.36620693754813877,0.9676637322478204,0.6034091584600014
map_estimated_mmHg,pm10,49,-0.006952286546279387,0.9621862858337158,0.13543348985666337,0.35348782570011783,0.9800914286290127,0.5949409157035294
map_estimated_mmHg,samsung_stress_ordinal,49,-0.13682683736684634,0.34851094491170326,-0.16601449562615422,0.25427214847699275,0.5853369151991927,0.5071568135191109
map_estimated_mmHg,sleep_duration_min,52,0.3037351867643998,0.02859501372196558,0.13240906473267075,0.34941038418136144,0.10911255236013181,0.591414463497635
map_estimated_mmHg,sleep_score,52,-0.22162733197407702,0.11432810568062979,-0.169035608765516,0.23093826550338273,0.30141046043075126,0.482582733733222
map_estimated_mmHg,steps_daily,52,0.4962023209149786,0.00018327462624031124,0.4839698613569337,0.00027791509537989343,0.001975579569641597,0.00257219290404795
map_estimated_mmHg,ecg_report_hr_bpm,52,-0.130435582565908,0.35670307901838405,-0.128432549731352,0.3641992982053466,0.5922360281412101,0.6026826084848858
map_estimated_mmHg,smoking_flag,52,0.4148406907316589,0.0022295565445931047,0.4292475397371824,0.0014964400137150442,0.01515401713903126,0.010499216225258779
map_estimated_mmHg,coffee_flag,52,0.08134002772110369,0.5664794795465429,0.08638062682579717,0.5425925043669547,0.7872797878681986,0.7646714696006528
map_estimated_mmHg,beer_flag,52,0.14045618684903843,0.3206334127121719,0.14311060686706134,0.31148052185890085,0.5624013489104628,0.5741272330873808
map_estimated_mmHg,office_flag,52,-0.4253718357805413,0.0016687321946447248,-0.44587814552171495,0.0009237573640509315,0.012880725676992532,0.007306080970221005
map_estimated_mmHg,meal_flag,52,-0.299997260155427,0.030713633219144797,-0.34151394820548736,0.013218686783586623,0.11617765608980858,0.06318822803143057
map_estimated_mmHg,hour_decimal_local,52,0.03663132473667879,0.7965477930716691,0.012597955470587697,0.9293678137688132,0.945921288338444,0.9579976279370468
map_estimated_mmHg,day_index,52,0.06302363150511954,0.657141009050836,0.10464726866527212,0.4603268244439242,0.8662313301124657,0.6881174179831856
env_temperature_C,env_humidity_pct,52,-0.8862460106534771,2.452449571399155e-18,-0.898221846855017,1.7577620088678157e-19,1.1853506261762582e-16,9.557830923218748e-18
env_temperature_C,env_pressure_hPa,52,0.35541595219944894,0.009719135287217606,0.39051228281675154,0.004207462172996652,0.05093763674626095,0.02473305466558843
env_temperature_C,body_temperature_C,52,-0.7132051024136463,2.9775035854590644e-09,-0.6969131362152602,9.535074031682752e-09,7.618906233380548e-08,1.975122477991427e-07
env_temperature_C,ppg_spo2_pct,52,-0.39446725125528875,0.0038067709258516793,-0.375403901513306,0.006099988629692584,0.0229992410103539,0.03358854498628195
env_temperature_C,ppg_pulse_bpm,52,0.2481781318891993,0.07606264926355874,0.27028033156081066,0.05263833886098735,0.21435454902425377,0.15791501658296203
env_temperature_C,samsung_sbp_mmHg,50,0.2610299083645894,0.06710615849268729,0.23464370354093744,0.1009625144250085,0.19591395264643607,0.25834525749928644
env_temperature_C,samsung_dbp_mmHg,50,0.2976907938532016,0.03576296235139515,0.35605008046397424,0.011157008027185422,0.1275154805152204,0.05515111922529157
env_temperature_C,samsung_hr_bpm,50,0.0911181754774496,0.5291410321609535,0.12040772608225717,0.4048937734638885,0.7522102908170418,0.6355026924821201
env_temperature_C,samsung_spo2_pct,50,-0.25250775737813974,0.07687197620180135,-0.1376977594482642,0.3402881699136049,0.21435454902425377,0.5847366687368194
env_temperature_C,pm1,49,0.2754933539854338,0.05537436774261459,0.35566619062903604,0.012141868360343006,0.17225610376499453,0.05868569707499119
env_temperature_C,pm2_5,49,0.2689122887549908,0.0617104308117258,0.33501450695614243,0.018622332917067483,0.18772054128042465,0.08269211141184031
env_temperature_C,pm10,49,0.22449767554144748,0.1209533204914256,0.319401273345271,0.02528336018647156,0.3076882714255564,0.10074412548812049
env_temperature_C,samsung_stress_ordinal,49,0.029507885842110244,0.8404900627307624,0.060639833741472526,0.6789458242914373,0.9596146385508706,0.8635714431777054
env_temperature_C,sleep_duration_min,52,-0.12442836106466634,0.37946826114018467,-0.1283844379205652,0.36438051961270107,0.6136382661560608,0.6026826084848858
env_temperature_C,sleep_score,52,0.019433331040761934,0.8912347116101794,0.07157448626957254,0.6140984764206855,0.9676637322478204,0.8219471915169174
env_temperature_C,steps_daily,52,0.10518293292098885,0.4580212368558192,0.06231434379850111,0.660763936495729,0.6823261576447991,0.8529148735182258
env_temperature_C,ecg_report_hr_bpm,52,0.2762293251273715,0.047451210495478346,0.3164726434320144,0.022269594257641745,0.15450446968499693,0.09040430331474436
env_temperature_C,smoking_flag,52,-0.1731172478235194,0.21970547656850528,-0.16870625734311395,0.23186158931090436,0.4444503264897805,0.482582733733222
env_temperature_C,coffee_flag,52,-0.4366975756576286,0.0012092369880281506,-0.4750021370711703,0.0003734426151227564,0.009924869618721613,0.0033843236995499803
env_temperature_C,beer_flag,52,-0.013300979869539816,0.9254370609882152,0.06828966220289455,0.6304915183304555,0.9686932390644872,0.8336286032636722
env_temperature_C,office_flag,52,0.183550218100198,0.19273789393250215,0.15984589843467809,0.2576589788223529,0.40992601801340106,0.5071568135191109
env_temperature_C,meal_flag,52,0.17834397175074695,0.20588437563448397,0.16259443381641558,0.24945814905549618,0.4273971104841584,0.5023809946256521
env_temperature_C,hour_decimal_local,52,0.1425889505699398,0.31326595808931784,0.14427223760724997,0.30752811544333575,0.5539459014994035,0.5716868812728677
env_temperature_C,day_index,52,0.5291893600392684,5.495232851870163e-05,0.5201309918852869,7.74519812597901e-05,0.0007030665560480943,0.0008866213644212814
env_humidity_pct,env_pressure_hPa,52,-0.5915577399131522,3.87031430792869e-06,-0.5222377279087876,7.157230164637819e-05,6.012809728389215e-05,0.0008414581409776895
env_humidity_pct,body_temperature_C,52,0.6796115205760046,3.026285726967296e-08,0.7399701274131215,3.66048888250296e-10,6.582171456153868e-07,8.846181466048819e-09
env_humidity_pct,ppg_spo2_pct,52,0.493263218895533,0.00020284680037485912,0.46855968562858286,0.0004594712757485424,0.0021009132895967553,0.004078979692869713
env_humidity_pct,ppg_pulse_bpm,52,-0.29209478516292287,0.0356246638787806,-0.29955466134602077,0.030972929951152018,0.1275154805152204,0.1071313949169051
env_humidity_pct,samsung_sbp_mmHg,50,-0.5236005872077557,9.542280060993354e-05,-0.42340146753983965,0.0021862164493837177,0.001112582661071996,0.014194091872864436
env_humidity_pct,samsung_dbp_mmHg,50,-0.5230944827210984,9.719112901318585e-05,-0.5174339383848412,0.00011911437462671019,0.001112582661071996,0.0012637744625029006
env_humidity_pct,samsung_hr_bpm,50,-0.170380085232171,0.23682085738519523,-0.19426566517923827,0.17642618660202583,0.4682566175162986,0.3876029857165719
env_humidity_pct,samsung_spo2_pct,50,0.27212001258505547,0.055906941803520814,0.27109256076186616,0.05687655028279413,0.17247886301086207,0.1669871015604428
env_humidity_pct,pm1,49,-0.32513309101713317,0.022637362907904034,-0.47169913593093277,0.0006229727857422918,0.09378336061845957,0.005313591407801901
env_humidity_pct,pm2_5,49,-0.32353554098434545,0.023350308864104698,-0.46084076951299624,0.0008613889142874828,0.09582438071590135,0.0069389662539824995
env_humidity_pct,pm10,49,-0.29341451995566353,0.04074081126860633,-0.4376202138836372,0.0016637542311473302,0.14282224035150162,0.011134355239216747
env_humidity_pct,samsung_stress_ordinal,49,0.02448526225287511,0.8673723057868664,-0.028050771031872195,0.8482717628629144,0.967453725685351,0.9445178817108579
env_humidity_pct,sleep_duration_min,52,0.013713047476388546,0.9231339211197997,0.0634250754975968,0.6550939481446129,0.9686932390644872,0.8481127007229363
env_humidity_pct,sleep_score,52,-0.23213388388191267,0.09773078483836142,-0.24807213829435468,0.07619213504428704,0.26737667550117744,0.20845018078154004
env_humidity_pct,steps_daily,52,-0.2820948332579115,0.04275259624676391,-0.1416399142262395,0.31653087465845015,0.1440267112292736,0.5745889629278406
env_humidity_pct,ecg_report_hr_bpm,52,-0.3049518521775284,0.02793231853660408,-0.3186630372099412,0.021310691634477172,0.1084871300305605,0.0882871510571197
env_humidity_pct,smoking_flag,52,0.041537256348693256,0.7700004231916813,0.05186670963010291,0.7149843973560633,0.9304171780232816,0.8835744683235442
env_humidity_pct,coffee_flag,52,0.4228238676542026,0.0017914294719573718,0.42865135716924346,0.0015218632390464476,0.013207996954261978,0.010508103317225473
env_humidity_pct,beer_flag,52,-0.22413440626356257,0.1101847612281295,-0.24096929285936738,0.08527386074185482,0.29586648848294034,0.23039831939569472
env_humidity_pct,office_flag,52,-0.10383085101538234,0.463852897134206,-0.11204535339085402,0.4290464605922985,0.6863129600455089,0.6665543227058923
env_humidity_pct,meal_flag,52,-0.16094470618443774,0.25435896769637767,-0.16607343156523968,0.23933399821681722,0.4923410820272089,0.48449148793023694
env_humidity_pct,hour_decimal_local,52,-0.1963614025034003,0.16295966931523395,-0.19504919869565987,0.16584503583687263,0.36989566525725653,0.3699620030207159
env_humidity_pct,day_index,52,-0.6713772523419055,5.1045745448205605e-08,-0.6511352460640653,1.7254204628609633e-07,1.0573761557128306e-06,3.2632952232370395e-06
env_pressure_hPa,body_temperature_C,52,-0.47321802801406077,0.0003956712811935695,-0.509981699220407,0.00011248432785312287,0.003824822384871172,0.0012232670654027111
env_pressure_hPa,ppg_spo2_pct,52,-0.46372010258602164,0.0005354753070887731,-0.457439934528955,0.0006509740072893678,0.004852744970492006,0.00544564794559375
env_pressure_hPa,ppg_pulse_bpm,52,0.406034050061909,0.0028210468425346183,0.3496962347465514,0.011047710326717511,0.018203100242530773,0.05515111922529157
env_pressure_hPa,samsung_sbp_mmHg,50,0.7831498277070568,1.8039944793309718e-11,0.5417342598504598,4.846197502389361e-05,5.231583990059818e-10,0.0006023131181541063
env_pressure_hPa,samsung_dbp_mmHg,50,0.6792388207532445,5.867719838795109e-08,0.5473730594295398,3.894124048778473e-05,1.1097644042938575e-06,0.0004982188121231282
env_pressure_hPa,samsung_hr_bpm,50,0.30504891008587254,0.031232533784486375,0.27577913673378035,0.05256156903560949,0.11712200169182391,0.15791501658296203
env_pressure_hPa,samsung_spo2_pct,50,-0.2998126755983446,0.034404066003252076,-0.27650607816750367,0.05191665667503407,0.12471473926178879,0.15791501658296203
env_pressure_hPa,pm1,49,0.3861469406834237,0.006135881624364619,0.5858091647173418,9.779623685650264e-06,0.0342193398281873,0.00014669435528475396
env_pressure_hPa,pm2_5,49,0.3875497589720765,0.0059369872121863955,0.5543397867406358,3.585743425335416e-05,0.03354012256235171,0.0004726661787942139
env_pressure_hPa,pm10,49,0.38076956333610285,0.006953063856761877,0.5610859792845558,2.7442691329080106e-05,0.03780728472114271,0.0003979190242716615
env_pressure_hPa,samsung_stress_ordinal,49,-0.12076549998327155,0.40848265363268843,-0.02897820077771878,0.8433171340145743,0.6391724975907176,0.9430410110445754
env_pressure_hPa,sleep_duration_min,52,0.3247350563582049,0.018832922148642725,0.26163423297578653,0.060987020594890494,0.08031687386921162,0.172268532199853
env_pressure_hPa,sleep_score,52,0.012754886765899247,0.9284902306923578,-0.1475970056832871,0.2963944520084097,0.9686932390644872,0.5630200289242716
env_pressure_hPa,steps_daily,52,0.4824732807233883,0.0002921264910518199,0.32526312719989053,0.018629487168644484,0.0029552331071521316,0.08269211141184031
env_pressure_hPa,ecg_report_hr_bpm,52,0.335630648473687,0.014997064765642405,0.23619333605628512,0.09184294364945651,0.06940131035164304,0.23923161968571008
env_pressure_hPa,smoking_flag,52,0.25610656249961194,0.06686009861637199,0.21242011231909533,0.1305695322476272,0.19591395264643607,0.3120359169159131
env_pressure_hPa,coffee_flag,52,-0.08747704455908925,0.5374619201918518,-0.0802739280120111,0.5715935590718116,0.7590777119592712,0.7877136643195036
env_pressure_hPa,beer_flag,52,0.19074616678388928,0.17556812423107712,0.05462227643711525,0.7005343982615334,0.3843910974976083,0.8761542737403337
env_pressure_hPa,office_flag,52,-0.1906249445141854,0.17584788138396334,-0.15910793585224386,0.25989136960263853,0.3843910974976083,0.5092466025997647
env_pressure_hPa,meal_flag,52,-0.020292145402541442,0.8864589856539488,-0.029793968965699223,0.8339243684887369,0.9676637322478204,0.9381473357110649
env_pressure_hPa,hour_decimal_local,52,-0.054439798211453706,0.7014881255243056,-0.09575451366430537,0.49950771246795017,0.8847882827193815,0.731602205129826
env_pressure_hPa,day_index,52,0.8128602199180918,2.5080566560962783e-13,0.7801053010983815,9.320094222865768e-12,7.79289032429915e-12,2.5339006168416304e-10
body_temperature_C,ppg_spo2_pct,52,0.1306247103218544,0.35600018599982647,0.2844390353795502,0.0409847231030795,0.5922360281412101,0.1330474220137282
body_temperature_C,ppg_pulse_bpm,52,-0.20099243197635192,0.1530699575165919,-0.3160801467043249,0.022445206340212392,0.3604368225584676,0.09040430331474436
body_temperature_C,samsung_sbp_mmHg,50,-0.2021315441853659,0.159215896982363,-0.21998230189648682,0.12477438081693416,0.3645206062490942,0.30153808697425755
body_temperature_C,samsung_dbp_mmHg,50,-0.18440958848326572,0.19983585698967316,-0.2979753580966143,0.03557818820478909,0.41994491686235663,0.12002831306274982
body_temperature_C,samsung_hr_bpm,50,-0.02803749391926108,0.8467408615222215,-0.2410580774223073,0.09171972467814236,0.9607575934662176,0.23923161968571008
body_temperature_C,samsung_spo2_pct,50,0.09963831485461361,0.4911723570808712,0.21028737797304967,0.14270459415626593,0.7121999177672632,0.33374461536546063
body_temperature_C,pm1,49,-0.29259014762340085,0.041336052951433964,-0.33162225341746887,0.019926674477695132,0.14282224035150162,0.08415634366793576
body_temperature_C,pm2_5,49,-0.2822796871614598,0.04940095418309547,-0.30721897521580865,0.03177388394108212,0.15801040492387153,0.10883180719976945
body_temperature_C,pm10,49,-0.2754235075866173,0.05543874603930858,-0.27732904530220354,0.05370388769273846,0.17225610376499453,0.16000815853658376
body_temperature_C,samsung_stress_ordinal,49,0.04426149449471935,0.7626672145038148,-0.12699650203665003,0.3845437906250009,0.9267045762825683,0.621845906772771
body_temperature_C,sleep_duration_min,52,-0.0015893213683365025,0.9910781137378203,-0.009997413762740257,0.9439217764840799,0.9910781137378203,0.9638637858464197
body_temperature_C,sleep_score,52,0.1383055737035485,0.3281727590067468,0.0030996348347360615,0.9826007355419378,0.5710190160326647,0.9941421758782428
body_temperature_C,steps_daily,52,-0.007629543664454084,0.9571895206262414,-0.036558501757155956,0.7969436646996476,0.9800914286290127,0.9269264549314084
body_temperature_C,ecg_report_hr_bpm,52,-0.1917981999389574,0.17315374726434027,-0.2999244593766003,0.030756158986551294,0.3823445688324265,0.1071313949169051
body_temperature_C,smoking_flag,52,0.002616035795232324,0.9853150104670719,0.13598495496158894,0.3364320769724964,0.9875853215510975,0.5847366687368194
body_temperature_C,coffee_flag,52,0.21266402729949885,0.1301180169056239,0.30333194849581163,0.028817525938413066,0.32529504226405975,0.10609253482178228
body_temperature_C,beer_flag,52,0.03316430674294183,0.8154493864986586,-0.10507726927072233,0.45847553266764285,0.945921288338444,0.6881174179831856
body_temperature_C,office_flag,52,0.003864140957885956,0.9783102362817035,-0.05738945436678647,0.6861285065548629,0.9841977444272239,0.8701629747853217
body_temperature_C,meal_flag,52,-0.02432049161149064,0.8641140437722595,-0.1477649099119533,0.2958392178370102,0.967453725685351,0.5630200289242716
body_temperature_C,hour_decimal_local,52,0.1365890978733542,0.3342694920674128,0.0976099585082897,0.4911936609986135,0.5710190160326647,0.7218555491026922
body_temperature_C,day_index,52,-0.5217699078414946,7.284141640689374e-05,-0.5060263009778266,0.00012968146715192346,0.0008801671149166327,0.0013431294812163502
ppg_spo2_pct,ppg_pulse_bpm,52,-0.22442645806243902,0.10970967826831032,-0.22034628040185916,0.11649063105591087,0.29586648848294034,0.28809639012933247
ppg_spo2_pct,samsung_sbp_mmHg,50,-0.5046400310008902,0.0001862040513915068,-0.4411254847258211,0.0013434881417314895,0.001975579569641597,0.0099053786720881
ppg_spo2_pct,samsung_dbp_mmHg,50,-0.4615035929159188,0.000742518755162112,-0.45088422643593873,0.0010159850240406877,0.006459913169910375,0.007892026526030342
ppg_spo2_pct,samsung_hr_bpm,50,-0.10033568943632622,0.48812866662268367,-0.1334327211511875,0.35559686915613253,0.7116377567116939,0.5949409157035294
ppg_spo2_pct,samsung_spo2_pct,50,0.13883628300562864,0.33627184626757406,0.12375120423506342,0.3918768865941061,0.5710190160326647,0.6221403126585261
ppg_spo2_pct,pm1,49,-0.2023244722810007,0.1632642936307891,-0.31684724862073654,0.02654319241134907,0.36989566525725653,0.10128323420120039
ppg_spo2_pct,pm2_5,49,-0.19923800794097507,0.16991797580025844,-0.31168638231246504,0.02924940540336382,0.38100164676862075,0.10609253482178228
ppg_spo2_pct,pm10,49,-0.1705574724878143,0.24132137541467508,-0.3112846208936155,0.029469379213354293,0.4728594518260525,0.10609253482178228
ppg_spo2_pct,samsung_stress_ordinal,49,-0.022543463658931836,0.8778069056027961,-0.03247093026461173,0.8247131594006286,0.9676637322478204,0.9376698811295725
ppg_spo2_pct,sleep_duration_min,52,-0.20498599774696305,0.1449031736855181,-0.14440090323222138,0.3070923244741316,0.35167551113999224,0.5716868812728677
ppg_spo2_pct,sleep_score,52,-0.2820630638542215,0.042776977598582566,-0.24416961970206397,0.08108216725282257,0.1440267112292736,0.22044214221861136
ppg_spo2_pct,steps_daily,52,-0.3067859130591156,0.026957630453223927,-0.230894981013298,0.09958473720667012,0.1066051749741128,0.25632757801716866
ppg_spo2_pct,ecg_report_hr_bpm,52,-0.21056488629786763,0.13404242666006294,-0.20007788462819812,0.15498704836187288,0.33319117484072786,0.35114253144486823
ppg_spo2_pct,smoking_flag,52,0.06067109357092571,0.6691869495661423,0.04320841023329489,0.7610150326164944,0.8715458774289578,0.914479390022583
ppg_spo2_pct,coffee_flag,52,0.1006551718909472,0.4777062011093494,0.09788788912189539,0.4899545210032843,0.7020344509546181,0.7218555491026922
ppg_spo2_pct,beer_flag,52,-0.03418428858033321,0.8098772815662453,-0.03899576340310207,0.7837226266056941,0.945921288338444,0.9241732107028865
ppg_spo2_pct,office_flag,52,-0.07841500135341452,0.5805613927647726,-0.04259618849733253,0.7643032440132738,0.7966694190936153,0.9159005816687991
ppg_spo2_pct,meal_flag,52,-0.12306343888919956,0.38475901498474624,-0.10681448236501871,0.45103763863049984,0.6163885949223593,0.6860187860289071
ppg_spo2_pct,hour_decimal_local,52,-0.20467817963123816,0.14552090116137611,-0.16642470259077943,0.23832762397635385,0.35167551113999224,0.48449148793023694
ppg_spo2_pct,day_index,52,-0.4242008003509717,0.0017241605104677453,-0.40628814858844187,0.00280220402800247,0.01293120382850809,0.016864563844582313
ppg_pulse_bpm,samsung_sbp_mmHg,50,0.43330396078434524,0.0016708759790732323,0.472161377508472,0.0005364831085831309,0.012880725676992532,0.004667403044673239
ppg_pulse_bpm,samsung_dbp_mmHg,50,0.4810113443733515,0.00040627573495448426,0.5036000056018753,0.00019294185408064493,0.003841955319678275,0.0019074933301154668
ppg_pulse_bpm,samsung_hr_bpm,50,0.7021673771306385,1.3288510806475106e-08,0.717265763390889,4.620647864842257e-09,3.211390111564817e-07,1.004990910603191e-07
ppg_pulse_bpm,samsung_spo2_pct,50,-0.33218088130669626,0.018432145537739964,-0.2953342037326304,0.03732381004682804,0.07938597335561272,0.12393784252190991
ppg_pulse_bpm,pm1,49,-0.14082834880230286,0.33445910951583246,-0.06329361401859909,0.6657040798469532,0.5710190160326647,0.8537138195139962
ppg_pulse_bpm,pm2_5,49,-0.13793143548426914,0.34459622623880465,-0.08166145895641645,0.5769765719485199,0.5810052651700776,0.7890262394407337
ppg_pulse_bpm,pm10,49,-0.17834925246172267,0.2201706709993599,-0.09035715883520128,0.5369465169332559,0.4444503264897805,0.7608199832767633
ppg_pulse_bpm,samsung_stress_ordinal,49,0.5538956396939774,3.6487017236030614e-05,0.5880548038837113,8.867189209591124e-06,0.00048096522720222174,0.0001377581180775764
ppg_pulse_bpm,sleep_duration_min,52,0.4173650302401995,0.0020817114818183235,0.30126703115823383,0.02997974782971115,0.014605556364370496,0.10689500250757665
ppg_pulse_bpm,sleep_score,52,-0.018490997408517767,0.8964792737836129,0.04181979481230837,0.7684791416292448,0.9676637322478204,0.9183747983756084
ppg_pulse_bpm,steps_daily,52,0.15244791266447888,0.28062529583179857,0.12860767035586915,0.3635401377189297,0.5239141789134437,0.6026826084848858
ppg_pulse_bpm,ecg_report_hr_bpm,52,0.8863424118216721,2.4038367858941323e-18,0.8400113914729822,7.0035463191745816e-15,1.1853506261762582e-16,2.769584226219039e-13
ppg_pulse_bpm,smoking_flag,52,-0.3118399755649967,0.024417921921447948,-0.3200779873479743,0.02070998300531899,0.0982649061996412,0.08662348660878615
ppg_pulse_bpm,coffee_flag,52,-0.08570062120807649,0.54578637326088,-0.07895871094275504,0.57793182578219,0.7658615237692993,0.7890262394407337
ppg_pulse_bpm,beer_flag,52,0.004241080862074368,0.9761950211620462,0.013024809433618703,0.9269809809408665,0.9841977444272239,0.9578069518035082
ppg_pulse_bpm,office_flag,52,0.29450443370634627,0.03406276368766,0.3041100794688925,0.02838943162222416,0.12451514457253866,0.10555045090314111
ppg_pulse_bpm,meal_flag,52,0.31141650901517587,0.02462270063393308,0.32236403348206294,0.019769711772208546,0.0982649061996412,0.08415634366793576
ppg_pulse_bpm,hour_decimal_local,52,-0.17450584430079447,0.21597219706509277,-0.17139823635933135,0.22438898465191157,0.44315049869488377,0.4738311083669006
ppg_pulse_bpm,day_index,52,0.2506121923480834,0.0731367144144209,0.21204281054936475,0.13127028228876345,0.20793771745276532,0.3120359169159131
samsung_sbp_mmHg,samsung_dbp_mmHg,50,0.9628669923993516,6.003921432984003e-29,0.9697960360259106,4.565352353668164e-31,5.223411646696083e-27,4.964820684614128e-29
samsung_sbp_mmHg,samsung_hr_bpm,50,0.45834704816876415,0.0008159138447130003,0.4969051053666642,0.00024189354892524434,0.006959265146081473,0.002287471603966984
samsung_sbp_mmHg,samsung_spo2_pct,50,-0.22247219932542814,0.1204566698232941,-0.20910966575603265,0.14500682053959071,0.3076882714255564,0.33731533120172175
samsung_sbp_mmHg,pm1,49,0.1463389069560058,0.31569567597257164,0.3321203946435345,0.019730435120094487,0.5559822633525048,0.08415634366793576
samsung_sbp_mmHg,pm2_5,49,0.14919989299524017,0.3062232921763785,0.3337628136433695,0.01909494203211627,0.5539459014994035,0.08306299783970578
samsung_sbp_mmHg,pm10,49,0.12201828662935381,0.40360186892495764,0.3112092545309927,0.02951079704238082,0.6361116412404223,0.10609253482178228
samsung_sbp_mmHg,samsung_stress_ordinal,48,-0.034626642450451134,0.8152592611171502,0.014148147193229044,0.9239636492146406,0.945921288338444,0.9578069518035082
samsung_sbp_mmHg,sleep_duration_min,50,0.22507671962737089,0.11606238002445148,0.08944718945115498,0.5367533772144997,0.3039606755392506,0.7608199832767633
samsung_sbp_mmHg,sleep_score,50,0.3877892676076209,0.0053937490590390755,0.3866584743123779,0.005542002098295161,0.03128374454242664,0.030907319394338398
samsung_sbp_mmHg,steps_daily,50,0.5563952092794906,2.721583412433471e-05,0.332067771018673,0.01847444451800324,0.000369965245127675,0.08269211141184031
samsung_sbp_mmHg,ecg_report_hr_bpm,50,0.34151526427978446,0.015212928037377109,0.3704474365326614,0.008093324611767217,0.06965919680272677,0.04191185959665166
samsung_sbp_mmHg,smoking_flag,50,0.18608734704486396,0.19570323903247244,0.1444580938131916,0.3168754698402447,0.41325683970449273,0.5745889629278406
samsung_sbp_mmHg,coffee_flag,50,-0.03006792201717206,0.8357899941615764,-0.020067338565855755,0.8899856480818771,0.9567595985796993,0.9534130172512166
samsung_sbp_mmHg,beer_flag,50,0.19178637872881735,0.18211925782571653,0.14448445444322922,0.31678622913086585,0.3941386923093865,0.5745889629278406
samsung_sbp_mmHg,office_flag,50,-0.20590799719564135,0.1514046576871404,-0.2165250952733121,0.13096193434962694,0.3604368225584676,0.3120359169159131
samsung_sbp_mmHg,meal_flag,50,-0.01534291029830542,0.9157784271617416,0.013926212476455828,0.923530805077364,0.9686932390644872,0.9578069518035082
samsung_sbp_mmHg,hour_decimal_local,50,0.12881003170195088,0.37265615573384364,0.10789027885014799,0.45579757580355595,0.6073937147249551,0.6881174179831856
samsung_sbp_mmHg,day_index,50,0.6803126113243756,5.489702207695354e-08,0.5276307679714465,8.235645089256457e-05,1.0854638456124904e-06,0.0009185911830324509
samsung_dbp_mmHg,samsung_hr_bpm,50,0.5362549455380712,5.971620279997737e-05,0.5502862200555197,3.472658772709558e-05,0.0007421870919425759,0.00047206455191520555
samsung_dbp_mmHg,samsung_spo2_pct,50,-0.25841968911917107,0.06998603187481235,-0.2356231090942009,0.09950654352674301,0.20161538983803556,0.25632757801716866
samsung_dbp_mmHg,pm1,49,0.09087244986640532,0.534617540622224,0.33870383825174716,0.017286536858495943,0.7575199679826301,0.07915414245732352
samsung_dbp_mmHg,pm2_5,49,0.09215808700645313,0.5288283985165382,0.3341430776012166,0.018950302557042577,0.7522102908170418,0.08306299783970578
samsung_dbp_mmHg,pm10,49,0.06844323693897376,0.6402973367384468,0.31389494083693137,0.028064438884805937,0.858807956590719,0.10524164581802226
samsung_dbp_mmHg,samsung_stress_ordinal,48,0.046574959260691086,0.7532585303363782,0.04257203911081086,0.7738801317957487,0.9211695194250548,0.9222954995373991
samsung_dbp_mmHg,sleep_duration_min,50,0.20249019403108806,0.15846162159339255,0.09600865089282459,0.5071720537664545,0.3645206062490942,0.7328466837749976
samsung_dbp_mmHg,sleep_score,50,0.3784942677224566,0.006722058329156564,0.3679596482405957,0.008563613529630646,0.03701386548333045,0.04382555159281566
samsung_dbp_mmHg,steps_daily,50,0.48231532032948216,0.00038972166302410165,0.2792579366787403,0.0495331382801702,0.003824822384871172,0.15281500107712082
samsung_dbp_mmHg,ecg_report_hr_bpm,50,0.38602828092671165,0.005626158819809618,0.3885969432812599,0.005289991918039144,0.03220235640285768,0.029885019277234123
samsung_dbp_mmHg,smoking_flag,50,0.11505330907261058,0.4262529383784063,0.11129712630968291,0.4416087069211871,0.6557956184319023,0.6764077025025225
samsung_dbp_mmHg,coffee_flag,50,-0.05763904177042351,0.6909310999463962,-0.06230700777032436,0.6673035199220032,0.8788158727388373,0.8537138195139962
samsung_dbp_mmHg,beer_flag,50,0.15803108808290156,0.27303927263715344,0.1359950359588447,0.3463500843968381,0.5141648640569773,0.5885245574711898
samsung_dbp_mmHg,office_flag,50,-0.139071505176306,0.3354457592289338,-0.14648040620974614,0.31007556294778116,0.5710190160326647,0.5739696590735524
samsung_dbp_mmHg,meal_flag,50,0.01554404145077721,0.9146784198141478,0.022665839326474122,0.8758454659154638,0.9686932390644872,0.9453915078740117
samsung_dbp_mmHg,hour_decimal_local,50,0.15123225547597383,0.2944678533155109,0.1283583159323058,0.3743490517237265,0.5404789712753049,0.6098945224712398
samsung_dbp_mmHg,day_index,50,0.6087012316062512,2.7324542119997277e-06,0.5547329859397047,2.9095507303583238e-05,4.571606085461083e-05,0.0004082756670018938
samsung_hr_bpm,samsung_spo2_pct,50,-0.36051566917257927,0.010114785124155423,-0.3805708133385489,0.006402875676652627,0.05210132899979532,0.034815636491798654
samsung_hr_bpm,pm1,49,-0.10116675173595642,0.4891487109351643,-0.030053579242267547,0.8375796315601015,0.7116377567116939,0.9390390199191859
samsung_hr_bpm,pm2_5,49,-0.10766265306441421,0.46153143956264975,-0.04542073849250569,0.7566390498993835,0.6852087925247531,0.9135374740120235
samsung_hr_bpm,pm10,49,-0.08943619911013385,0.5411212615385131,-0.03787373716453004,0.7961254006593238,0.7617726497386835,0.9269264549314084
samsung_hr_bpm,samsung_stress_ordinal,48,0.41245421438041285,0.003578010742632217,0.42529718087647267,0.002583564152126156,0.021921615113310065,0.016095867433644977
samsung_hr_bpm,sleep_duration_min,50,0.2881272445639682,0.04244907254811023,0.15725873506221044,0.27542015497613603,0.1440267112292736,0.5324789662871964
samsung_hr_bpm,sleep_score,50,0.13852680063121667,0.33736066004688464,0.19368065879906518,0.17775778499127687,0.5710190160326647,0.3885660124181178
samsung_hr_bpm,steps_daily,50,0.33557602763471217,0.017200147005662948,0.22383818829816937,0.1181365398355071,0.07482063947463383,0.288704465328346
samsung_hr_bpm,ecg_report_hr_bpm,50,0.594517765992151,5.304335053915115e-06,0.5902157648308154,6.4464291006165645e-06,7.956502580872673e-05,0.00010785371764493097
samsung_hr_bpm,smoking_flag,50,-0.16680596336781214,0.246946936698286,-0.16156013406730502,0.26233430908116373,0.4817126343666117,0.511728360763705
samsung_hr_bpm,coffee_flag,50,0.12281929077103672,0.39548007313548644,0.1421613936174851,0.3247119437641499,0.6278607000508636,0.577837228339855
samsung_hr_bpm,beer_flag,50,0.03138709574416654,0.8286915389919504,0.024316698571464342,0.8668816485039403,0.9545012000730031,0.9445178817108579
samsung_hr_bpm,office_flag,50,0.158673731355978,0.27106865804662883,0.1497145550434971,0.29939637801923896,0.5141648640569773,0.5637983741920733
samsung_hr_bpm,meal_flag,50,0.18832257446499906,0.1902922286542286,0.1702168900002504,0.23727692838029668,0.4077690614019184,0.48449148793023694
samsung_hr_bpm,hour_decimal_local,50,-0.11619634734870378,0.42164063772749943,-0.13827017022558202,0.3382651933151755,0.6527177132080507,0.5847366687368194
samsung_hr_bpm,day_index,50,0.13238584740437875,0.3594177673273004,0.11248808617924028,0.4367070034298055,0.5944742539443941,0.6736437818864022
samsung_spo2_pct,pm1,49,-0.22703261347712117,0.11670269012830564,-0.041454783119211115,0.7773195111115477,0.3039606755392506,0.923863353370282
samsung_spo2_pct,pm2_5,49,-0.22661699813081124,0.11739170917377956,-0.04561033984635505,0.7556544586568179,0.3039606755392506,0.9135374740120235
samsung_spo2_pct,pm10,49,-0.20717710144984905,0.15319070214815284,-0.06829643235002925,0.6410161809690693,0.3604368225584676,0.8391003239887085
samsung_spo2_pct,samsung_stress_ordinal,48,-0.28743964948326606,0.04759448031675768,-0.27011784695342955,0.06334211224201276,0.15450446968499693,0.1777665730662939
samsung_spo2_pct,sleep_duration_min,50,-0.2067847429249606,0.1496323347781434,-0.20481726907221823,0.15363109587747553,0.35961362225686394,0.34989280998273226
samsung_spo2_pct,sleep_score,50,0.05101214641790092,0.724976148920784,-0.0730816565563223,0.6140012597076855,0.9018477810863966,0.8219471915169174
samsung_spo2_pct,steps_daily,50,-0.22225803812419367,0.12082353239792659,-0.23056933169117622,0.10719642738943368,0.3076882714255564,0.27110724368839334
samsung_spo2_pct,ecg_report_hr_bpm,50,-0.2186067257495564,0.12720933125131936,-0.2557468123806102,0.07303594625184791,0.319861613261988,0.20107997860477114
samsung_spo2_pct,smoking_flag,50,-0.011399018814688829,0.9373769983920701,0.044656474092915184,0.7581310991226218,0.9731718241063259,0.9135374740120235
samsung_spo2_pct,coffee_flag,50,0.09366344287693822,0.5176489651398415,0.06690520941366587,0.6443371368095819,0.7431594053987823,0.8391003239887085
samsung_spo2_pct,beer_flag,50,0.031249999999999993,0.8294286290289544,0.023577978128575382,0.8708907644168637,0.9545012000730031,0.9445178817108579
samsung_spo2_pct,office_flag,50,-0.1568441086071195,0.27670393910723506,-0.22163665540145625,0.12189276589841956,0.5188198858260658,0.296219850088338
samsung_spo2_pct,meal_flag,50,-0.031249999999999993,0.8294286290289544,-0.08342976876265136,0.564600256217243,0.9545012000730031,0.7846680877140597
samsung_spo2_pct,hour_decimal_local,50,-0.21936712728417,0.1258589338973589,-0.22431600434379179,0.1173330344560576,0.3183060246822739,0.28836084739200596
samsung_spo2_pct,day_index,50,-0.15285250982992243,0.28926475488377756,-0.07160319960471201,0.6212072452814205,0.5331786795527256,0.8281424325603596
pm1,pm2_5,49,0.997680070203321,1.6427330729267195e-56,0.9927710115426761,6.196885936546659e-45,7.14588886723123e-54,2.6956453823977966e-42
pm1,pm10,49,0.9847153394634743,2.4883601059954755e-37,0.977837177970254,1.4307895233274079e-33,3.6081221536934395e-35,2.0746448088247414e-31
pm1,samsung_stress_ordinal,47,-0.14549796200873766,0.3291489340992732,-0.26979487867065965,0.06665577963260225,0.5710190160326647,0.18586707782167933
pm1,sleep_duration_min,49,-0.07268852104520436,0.6196533064841896,-0.051829190546418755,0.7235814849828753,0.8371092804988276,0.891665569313175
pm1,sleep_score,49,-0.12343922457211592,0.39810708928718397,-0.012305522101564211,0.933121563983617,0.629733032145182,0.9595930977136486
pm1,steps_daily,49,0.15992762154826856,0.2723455484607459,0.29738622451978514,0.037970717899732484,0.5141648640569773,0.12513077489684568
pm1,ecg_report_hr_bpm,49,-0.04170052692022863,0.7760334702357261,0.02346265399415874,0.8728648010293445,0.9331875658420021,0.9445178817108579
pm1,smoking_flag,49,0.06337510895173698,0.6652990057080593,0.14529155868607327,0.3192093742046651,0.8690842867357532,0.576166297838296
pm1,coffee_flag,49,-0.08225421734945815,0.5742051777998758,-0.10796005450399862,0.4602875596360187,0.790932997094466,0.6881174179831856
pm1,beer_flag,49,-0.11448019438558953,0.4334778685218251,-0.03424953773044448,0.8152752502157915,0.6611536738911528,0.9376698811295725
pm1,office_flag,49,-0.017463536449693784,0.9051977307845382,-0.12579879144426012,0.3890796025479284,0.9686932390644872,0.6221403126585261
pm1,meal_flag,49,0.013405452814063879,0.9271590637254769,0.001802607248970762,0.9901922448096945,0.9686932390644872,0.9941421758782428
pm1,hour_decimal_local,49,-0.04372400856985318,0.7654669435837351,-0.03072016350387935,0.8340273541039006,0.9275156558744423,0.9381473357110649
pm1,day_index,49,0.4370950852174696,0.0016878192266404008,0.8004324990725095,5.115422457082482e-12,0.012880725676992532,1.4834725125539197e-10
pm2_5,pm10,49,0.9847168874716653,2.482486200688906e-37,0.9807914399058505,5.122634344502633e-35,3.6081221536934395e-35,1.1141729699293226e-32
pm2_5,samsung_stress_ordinal,47,-0.15121486836288012,0.31029133874106346,-0.3053184493981929,0.03689595344779846,0.5539459014994035,0.12345953653686408
pm2_5,sleep_duration_min,49,-0.09212661681932287,0.5289697371974389,-0.10318015904997062,0.4804977838409351,0.7522102908170418,0.7109405985401591
pm2_5,sleep_score,49,-0.13488283844174212,0.3554666161424782,-0.003011801321035881,0.983613890155858,0.5922360281412101,0.9941421758782428
pm2_5,steps_daily,49,0.16588116187214408,0.25465918035890117,0.27204588089631804,0.05862468088253383,0.4923410820272089,0.16777458015725144
pm2_5,ecg_report_hr_bpm,49,-0.03537250093945581,0.8093296577815141,0.02133989948432058,0.8842849157668952,0.945921288338444,0.9497875021199985
pm2_5,smoking_flag,49,0.06502772343202837,0.657105143263445,0.1446940480737605,0.321224984419455,0.8662313301124657,0.5774085463738138
pm2_5,coffee_flag,49,-0.07885993442967451,0.5901566687476905,-0.08063705209914955,0.5817804283321018,0.8072897827208974,0.7908577697639508
pm2_5,beer_flag,49,-0.11381127981962887,0.4361874108139049,-0.05565101518135382,0.7040974846119695,0.6611536738911528,0.8761542737403337
pm2_5,office_flag,49,-0.016247963758230392,0.911769497838805,-0.1213663995661312,0.4061373528966193,0.9686932390644872,0.6355026924821201
pm2_5,meal_flag,49,0.016088984135144348,0.9126294329910144,0.003590388076216375,0.9804665707565126,0.9686932390644872,0.9941421758782428
pm2_5,hour_decimal_local,49,-0.047834574370166784,0.7441331622813503,-0.03264023686113516,0.8238136807942422,0.9195963795238278,0.9376698811295725
pm2_5,day_index,49,0.4337798899586407,0.0018470237772927308,0.8048260116333641,3.193940257715875e-12,0.013390922385372298,9.924028657902897e-11
pm10,samsung_stress_ordinal,47,-0.15160552281812,0.30902841835764305,-0.2958935319475745,0.04344682959579429,0.5539459014994035,0.1369519628563081
pm10,sleep_duration_min,49,-0.0585463729092621,0.6894600375830344,-0.01900209333725673,0.8968888644984764,0.8788158727388373,0.9534130172512166
pm10,sleep_score,49,-0.11517994353568434,0.43065353394612377,-0.015315894902980152,0.9168125361672951,0.6596277720653657,0.9578069518035082
pm10,steps_daily,49,0.1838832623849776,0.20595340763159628,0.33964745242227445,0.016958246657129295,0.4273971104841584,0.07915414245732352
pm10,ecg_report_hr_bpm,49,-0.059577852083048,0.6842721263669375,0.016540582261883534,0.910186959975618,0.8788158727388373,0.9578069518035082
pm10,smoking_flag,49,0.06188719844626327,0.6727095181064078,0.11775308431539645,0.42035710782187397,0.8735183294814548,0.6553954906900185
pm10,coffee_flag,49,-0.026893740160314535,0.8544611166209956,-0.06821910402406466,0.6413949584027787,0.9654300928055405,0.8391003239887085
pm10,beer_flag,49,-0.11136882701667854,0.4461607601666711,-0.08615384615384616,0.556126653332668,0.6692411402500067,0.7778620392273652
pm10,office_flag,49,-0.012896202078306444,0.9299191359733119,-0.09590138840332842,0.5121503261324122,0.9686932390644872,0.7328466837749976
pm10,meal_flag,49,0.02236474061941468,0.8787683665258058,0.03230769230769231,0.8255806079830489,0.9676637322478204,0.9376698811295725
pm10,hour_decimal_local,49,-0.07147222981293849,0.6255392231547588,-0.024654812091929046,0.8664622339716285,0.8424444646201861,0.9445178817108579
pm10,day_index,49,0.41740862827331143,0.0028455421068783737,0.7691694338564439,1.075496564665793e-10,0.018203100242530773,2.7520059154683526e-09
samsung_stress_ordinal,sleep_duration_min,49,0.34919977928332513,0.013922406356093596,0.3009877794132047,0.03559460318412581,0.06512093295592165,0.12002831306274982
samsung_stress_ordinal,sleep_score,49,-0.01592860189181658,0.9134970553656999,0.015014120901428691,0.9184460142951685,0.9686932390644872,0.9578069518035082
samsung_stress_ordinal,steps_daily,49,0.03541139544696177,0.8091239172534416,0.058737532758957364,0.6884975073149578,0.945921288338444,0.8706291153546706
samsung_stress_ordinal,ecg_report_hr_bpm,49,0.47869859193817904,0.0005026472169875035,0.4490845065990595,0.0012090492606497381,0.004652160412543916,0.009067869454873036
samsung_stress_ordinal,smoking_flag,49,-0.46617252286075606,0.0007356571598016038,-0.4338576184109963,0.0018431433618031927,0.006459913169910375,0.012147990339157406
samsung_stress_ordinal,coffee_flag,49,-0.09606643030277309,0.5114211525799637,-0.08866199055423878,0.5446428727561574,0.7366496734181596,0.7646714696006528
samsung_stress_ordinal,beer_flag,49,-0.005717242331957548,0.9689000830143981,0.02558857011305784,0.8614533158984683,0.9801663630494493,0.9445178817108579
samsung_stress_ordinal,office_flag,49,0.5652357621995825,2.3212002074621905e-05,0.5174624997385893,0.00014038780838800506,0.00032571680330517833,0.0014202022476460976
samsung_stress_ordinal,meal_flag,49,0.31538680778832856,0.02728687403624229,0.31717991753133257,0.02637618186340036,0.10693504689878736,0.10128323420120039
samsung_stress_ordinal,hour_decimal_local,49,0.0139434156615462,0.9242442972296127,-0.025125445367360666,0.8639369747658113,0.9686932390644872,0.9445178817108579
samsung_stress_ordinal,day_index,49,-0.28316579434461275,0.04866115472011407,-0.27257179220378935,0.058119165708687304,0.15679705409814534,0.16742938465747667
sleep_duration_min,sleep_score,52,-0.0036213589950506897,0.9796726973264089,0.04521381362979822,0.7502736744307223,0.9841977444272239,0.9135374740120235
sleep_duration_min,steps_daily,52,0.392606029591419,0.003990945347848234,0.03154276745938673,0.8243263198647168,0.023460286842080832,0.9376698811295725
sleep_duration_min,ecg_report_hr_bpm,52,0.33386626086113946,0.015568688192092348,0.20284820525132066,0.14923369800894268,0.07054561837041845,0.3434743843062966
sleep_duration_min,smoking_flag,52,0.0059561807490988794,0.9665729261651642,-0.02696749510509615,0.8494873647549419,0.9800914286290127,0.9445178817108579
sleep_duration_min,coffee_flag,52,0.010608062940260938,0.9405024642506025,0.04941856771567922,0.7279060953212482,0.9740918379738382,0.8919412717316703
sleep_duration_min,beer_flag,52,0.20009718720581118,0.15494640418030675,0.02469100099639599,0.8620638657611028,0.3604368225584676,0.9445178817108579
sleep_duration_min,office_flag,52,0.021169855503401714,0.881582312537351,0.08091206127381348,0.5685298761274435,0.9676637322478204,0.7876130449536239
sleep_duration_min,meal_flag,52,0.072488037629275,0.609571947998782,0.06748873605681571,0.6345158650648545,0.826356952518507,0.836407276676399
sleep_duration_min,hour_decimal_local,52,0.11262580087687886,0.426644046014318,0.1518931178669573,0.2824002726805908,0.6557956184319023,0.5411635181324097
sleep_duration_min,day_index,52,-0.035343019597885356,0.803558530448866,-0.001006696721670241,0.9943486934060052,0.945921288338444,0.9943486934060053
sleep_score,steps_daily,52,0.06467036505263357,0.648759942094688,-0.006224934962529929,0.9650655477045106,0.8629913930998838,0.9831464010572883
sleep_score,ecg_report_hr_bpm,52,0.08392535954668413,0.5541668292797889,0.17438360233587477,0.21629905858106407,0.7737875707842842,0.4612259337390337
sleep_score,smoking_flag,52,0.039919204040360104,0.7787289342543604,0.038953048485138884,0.7839538270100348,0.9331875658420021,0.9241732107028865
sleep_score,coffee_flag,52,0.12616124531422807,0.37281407317600695,0.11784427686046584,0.40538949202484353,0.6073937147249551,0.6355026924821201
sleep_score,beer_flag,52,0.2958553004592167,0.03321226548757917,0.30781447908840337,0.026423583858644514,0.12243504650082151,0.10128323420120039
sleep_score,office_flag,52,-0.08050931963689964,0.5704625560824451,-0.08810424449815245,0.5345376620036313,0.7902904837447886,0.7608199832767633
sleep_score,meal_flag,52,-0.034775973913627224,0.8066491954688293,-0.02469100099639599,0.8620638657611028,0.945921288338444,0.9445178817108579
sleep_score,hour_decimal_local,52,0.2629537327049276,0.05964821029571054,0.26280880951368824,0.05979408867109213,0.1827251512579865,0.17000280112369331
sleep_score,day_index,52,0.10734904514605077,0.44876230183758115,-0.010285814330108983,0.9423067573111545,0.6708302450149408,0.9638637858464197
steps_daily,ecg_report_hr_bpm,52,0.15690715991997495,0.2666257935868405,0.13916808142249754,0.3251358029649771,0.5086939482906826,0.577837228339855
steps_daily,smoking_flag,52,0.1246896802294099,0.3784602995181687,0.1097176244384072,0.43875695360155925,0.6136382661560608,0.6744143986455062
steps_daily,coffee_flag,52,-0.14319740160648867,0.31118408823586313,-0.18559395866818096,0.18774432006100536,0.5539459014994035,0.4083438961326866
steps_daily,beer_flag,52,0.27773746780097636,0.04620466907950129,0.22362307199382794,0.11102034554585087,0.15226538673926562,0.27915520411817996
steps_daily,office_flag,52,-0.19328226035278234,0.1697889319861503,-0.14694360092187878,0.2985615941446046,0.38100164676862075,0.5637983741920733
steps_daily,meal_flag,52,-0.04571586499789937,0.7475918250964119,-0.055905767998456986,0.6938391976741508,0.9211695194250548,0.8748407275021902
steps_daily,hour_decimal_local,52,0.17237685222194046,0.2217143008006491,0.16602906587224,0.23946131012643893,0.4444503264897805,0.48449148793023694
steps_daily,day_index,52,0.10912373851200809,0.44125390073346965,-0.03725670029812689,0.7931503000200564,0.6664772458995114,0.9269264549314084
ecg_report_hr_bpm,smoking_flag,52,-0.41899295611133486,0.001991054039422355,-0.41078711652137395,0.002486533737539129,0.014198500117192205,0.015906502585728254
ecg_report_hr_bpm,coffee_flag,52,-0.1081944085608478,0.4451769887742658,-0.12229229767064975,0.38776737227618935,0.6692411402500067,0.6221403126585261
ecg_report_hr_bpm,beer_flag,52,-0.057034238654598855,0.6879717093318735,-0.06517429936612382,0.6462036977844077,0.8788158727388373,0.8391003239887085
ecg_report_hr_bpm,office_flag,52,0.32930069406527135,0.017134780865731197,0.30968412384783955,0.025475525985501735,0.07482063947463383,0.10074412548812049
ecg_report_hr_bpm,meal_flag,52,0.415535167340649,0.0021879801952749446,0.4073393710382739,0.0027254286567514954,0.01510748230070795,0.016698048812491557
ecg_report_hr_bpm,hour_decimal_local,52,-0.11032548236169386,0.436209435417841,-0.06961339819665925,0.6238635379217423,0.6611536738911528,0.8281424325603596
ecg_report_hr_bpm,day_index,52,0.2087640765991223,0.13747926526638216,0.14149983732396695,0.31701460023604994,0.3397925022208877,0.5745889629278406
smoking_flag,coffee_flag,52,0.22771001702132443,0.10447573954156363,0.22771001702132443,0.1044757395415636,0.2840434168786261,0.26577161813204775
smoking_flag,beer_flag,52,0.28171808490950545,0.04304246542484038,0.28171808490950556,0.043042465424840186,0.1440267112292736,0.1369519628563081
smoking_flag,office_flag,52,-0.7385489458759964,4.1174315102622967e-10,-0.7385489458759965,4.1174315102622704e-10,1.119426691852562e-08,9.426751089284672e-09
smoking_flag,meal_flag,52,-0.8451542547285166,3.2988704171172607e-15,-0.8451542547285166,3.298870417117195e-15,1.304553301314553e-13,1.4350086314459797e-13
smoking_flag,hour_decimal_local,52,0.04532781007077005,0.7496644720660905,0.060662105716587755,0.6692331320787878,0.9211695194250548,0.8537138195139962
smoking_flag,day_index,52,0.2075841229265092,0.13976666175762043,0.20075801911571578,0.1535596627447613,0.34156459474474654,0.34989280998273226
coffee_flag,beer_flag,52,-0.1924500897298752,0.17166981214165417,-0.19245008972987526,0.17166981214165372,0.38100187898785487,0.37906785929756026
coffee_flag,office_flag,52,-0.16817499303650435,0.23335631796714362,-0.16817499303650432,0.23335631796714373,0.4635159740443264,0.48321837902784576
coffee_flag,meal_flag,52,-0.1924500897298752,0.17166981214165417,-0.19245008972987526,0.17166981214165372,0.38100187898785487,0.37906785929756026
coffee_flag,hour_decimal_local,52,-0.5576355745824106,1.7505392251202747e-05,-0.5312130837478902,5.0828132802270864e-05,0.00025382818764243983,0.0006141732713607729
coffee_flag,day_index,52,-0.023941433538092593,0.8662124434473131,-0.030411426286571827,0.8305327188382954,0.967453725685351,0.9381473357110649
beer_flag,office_flag,52,-0.20806259464411975,0.13883572282670872,-0.2080625946441197,0.13883572282670872,0.3412064374554706,0.3282257577696646
beer_flag,meal_flag,52,-0.23809523809523805,0.08918127590033768,-0.23809523809523803,0.0891812759003378,0.24553072795346137,0.2351142728281633
beer_flag,hour_decimal_local,52,0.1885530928875769,0.18067924228865745,0.18206689342407936,0.19642096047371532,0.39297735197782996,0.4250901383386377
beer_flag,day_index,52,0.062201668941014934,0.6613401743911071,0.024691000996395988,0.8620638657611028,0.8686515968301273,0.9445178817108579
office_flag,meal_flag,52,0.6033815244679473,2.1946794652988106e-06,0.6033815244679472,2.1946794652988344e-06,3.81874226961993e-05,3.818742269619972e-05
office_flag,hour_decimal_local,52,0.014593596189628784,0.9182144509265758,-0.010654118506296106,0.9402446198077635,0.9686932390644872,0.9638637858464197
office_flag,day_index,52,-0.13588932662615225,0.3367751855923435,-0.13485343545635578,0.340505873482347,0.5710190160326647,0.5847366687368194
meal_flag,hour_decimal_local,52,-0.09568317625026172,0.49982880763502247,-0.10728941933918965,0.44901578231270006,0.7223439578778564,0.6853398782667528
meal_flag,day_index,52,-0.020733889647004976,0.8840040637126537,-0.018106734064023727,0.8986191656850548,0.9676637322478204,0.9534130172512166
hour_decimal_local,day_index,52,-0.149937144440683,0.28871686087745974,-0.1693560716570116,0.23004229504764886,0.5331786795527256,0.482582733733222
